Buprex,50,4
Doloxen ,100,5.20
Femen ,100,3.90
Sindlor,200,7.40
Analgan,150,14.50
Apronax,75,11.80
Aspirina,100,7.50
Berifem,200,17
Bonfiest,60,14.40
Migraflash,110,4.90
Femen ,30,4.20
Migraflash,15,5
Benzo derma,15,17.50
Femen ,15,4.20
Migraflash,23,5
Diabaid,12,21
Fanter Comprimidos,10,42
Acteric Comprimidos,20,9.10
Algivex,18,8.40
Alfrom Comprimidos,11,22.40
Analgan Rapid,18,14.50
Apronax Capsulas Liquidas ,19,27
Apronax Tabletas ,22,11
Artrichine,14,1.50
Astros,10,22.20
Astrosamin,15,22.20
Aspirina Advance,12,12
Beralmat,14,9.20
Berifem,11,3.40
Bonfiest,16,14.40
Cartidol Plus,10,23.10
Cefanorm,12,24
Celeridan ,20,15.40
Acrofibrato,22,17.10
Aldactone,12,8.10
Bilidren Enzimático,17,10.50
Buscapina,8,8
Digesta,10,10.60
Digestotal Biliar,12,22.20
Qg5,7,23.40
